type,name,LOA,LWL,LBP,B,D,T,Vk,DWT,L/B,B/T,Vm,Fn,CB,CM,CP,CX
Container,EMS Trader,199.00,189.05,187.90,29.80,16.50,11.55,22.80,30817.06562,6.305369128,2.58008658,11.72832,0.272340959,0.520099128,0.948598741,0.548281487,0.948598741
Container,Freya,118.50,112.58,117.00,18.20,9.20,7.10,17.00,6032.778521,6.428571429,2.563380282,8.7448,0.263144562,0.54079663,0.956044067,0.565660777,0.956044067
Container,Nedlloyd Drake,278.00,264.10,264.00,40.00,24.30,14.00,25.00,61493.5176,6.6,2.857142857,12.86,0.252651723,0.566909925,0.963764468,0.588224555,0.963764468
Container,Theodor Storm,213.00,202.35,204.00,32.20,16.50,10.50,22.70,29574.22252,6.335403727,3.066666667,11.67688,0.262084121,0.541070628,0.956134069,0.5658941,0.956134069
Container,Norilskiy Nickel,169.50,161.03,157.74,23.10,14.20,9.00,15.50,13154.17873,6.828571429,2.566666667,7.9732,0.200609502,0.720113139,0.987976405,0.728876859,0.987976405
Container,Weisshorn,157.10,149.25,149.97,23.50,12.80,9.30,19.60,13233.1038,6.381702128,2.52688172,10.08224,0.263495154,0.539119285,0.955488543,0.564234171,0.955488543
Container,Dore Straight,158.80,150.86,145.00,24.20,13.90,9.70,19.00,16692.19922,5.991735537,2.494845361,9.7736,0.254058076,0.550879945,0.959223767,0.574297639,0.959223767
Container,Norasia Alps,192.50,182.88,184.00,32.20,17.38,11.30,22.60,31709.7354,5.714285714,2.849557522,11.62544,0.274471797,0.504465449,0.942010584,0.535519938,0.942010584
Container,OOCL Advance,158.70,150.77,150.00,25.60,13.70,9.00,22.00,13893.53429,5.859375,2.844444444,11.3168,0.294265177,0.473188129,0.925634888,0.511203861,0.925634888
Container,Dilara Kalkavan,149.00,141.55,136.80,22.70,11.30,7.80,19.00,11380.63256,6.026431718,2.91025641,9.7736,0.262279967,0.534323404,0.953855911,0.560172032,0.953855911
Container,Madeleine,100.00,95.00,95.80,18.80,8.40,6.65,15.00,5023.081905,5.095744681,2.827067669,7.716,0.252752763,0.534636817,0.95396465,0.560436717,0.95396465
Container,Birk,132.60,125.97,123.40,19.20,9.20,7.20,18.00,8618.25503,6.427083333,2.666666667,9.2592,0.263393708,0.540254665,0.955865432,0.5651995,0.955865432
Container,COSCO Asia,349.00,331.55,331.55,45.60,27.30,13.00,25.80,134012.0513,7.270833333,3.507692308,13.27152,0.232708178,0.631017568,0.977156998,0.645768868,0.977156998
Container,Rickmers New Orleans,192.90,183.26,182.00,27.80,15.50,10.70,19.50,27215.5422,6.54676259,2.598130841,10.0308,0.236577344,0.604217226,0.972337948,0.621406607,0.972337948
Container,Kobe Express,294.00,279.30,281.60,32.30,21.40,13.63,24.00,61268.53579,8.718266254,2.369772561,12.3456,0.235853448,0.655647901,0.98083248,0.668460634,0.98083248
Container,Echo,149.00,141.55,136.80,22.70,11.30,7.80,19.50,11102.12685,6.026431718,2.91025641,10.0308,0.269182071,0.520622803,0.948804023,0.548714793,0.948804023
Container,Manukai,217.00,206.15,200.24,32.20,32.20,11.00,22.50,34709.79534,6.21863354,2.927272727,11.574,0.257369634,0.548538906,0.958509193,0.572283407,0.958509193
Container,Aurora,134.00,127.30,124.80,22.50,11.30,8.70,18.50,10283.84621,5.546666667,2.586206897,9.5164,0.269292329,0.510816534,0.944798112,0.540662103,0.944798112
Container,Gerd,134.7,127.97,125.6,21.8,9.30,7.73,18.3,8468.569548,5.76146789,2.820181113,9.41352,0.265688004,0.522099585,0.949377882,0.549938644,0.949377882
Container,Öland,133.95,127.25,124.80,22.50,9.36,7.46,19.00,7820.839644,5.546666667,3.016085791,9.7736,0.276622114,0.497281192,0.93865819,0.529778781,0.93865819
Container,Emma Maersk,397,377.15,381,56,30,15.5,25.5,156907,6.803571429,3.612903226,13.1172,0.215650059,0.669264474,0.982608398,0.681110069,0.982608398
Container,Gudrun Maersk,367.3,348.94,351,42.8,24,14.5,23.2,115700,8.200934579,2.951724138,11.93408,0.203977458,0.744450823,0.98998777,0.751979818,0.98998777
Container,Xin Los Angeles,336.7,319.87,321,45.6,27.2,14.3,24.7,107200,7.039473684,3.188811189,12.70568,0.226819322,0.641908125,0.978861578,0.65577007,0.978861578
Container,COSCO Guangzhou,350.5,332.98,333.4,43,27.3,11.5,24.5,107277,7.753488372,3.739130435,12.6028,0.220509207,0.677712567,0.983630004,0.688991353,0.983630004
Container,CMA CGM Medea,394,374.30,328.9,43,27.3,15.02,23.2,113909,7.648837209,2.862849534,11.93408,0.196944804,0.755939487,0.990837382,0.762929923,0.990837382
Container,Axel Maersk,352,334.40,334.40,43,17,11,23.9,109000,7.776744186,3.909090909,12.29416,0.214650163,0.696794644,0.985735545,0.706877872,0.985735545
Container,NYK Vega,338.2,321.29,321.29,44,24,14.5,24.6,94000,7.302045455,3.034482759,12.65424,0.225399506,0.652224208,0.980358997,0.665291194,0.980358997
Container,MSC Pamela,336.6,319.77,319.77,45.6,27.2,15,25.2,107849,7.0125,3.04,12.96288,0.231445179,0.628450866,0.976735433,0.643419748,0.976735433
Container,Hannover Bridge,336,319.20,319.20,46,24.4,14.04,21,99214,6.939130435,3.276353276,10.8024,0.193043112,0.751422078,0.990510366,0.758621115,0.990510366
Container,A.P. MØLLER,347,329.65,329.65,42.8,,14,25,104696,7.702102804,3.057142857,12.86,0.226141321,0.659610408,0.98136659,0.672134566,0.98136659
Container,Osaka Express,335,318.25,318.25,42.8,,14.5,25,103800,7.435747664,2.951724138,12.86,0.230155978,0.641873179,0.978856317,0.655737893,0.978856317
Container,Colombo Express,335.5,318.73,318.73,43,,14.6,25,104400,7.412209302,2.945205479,12.86,0.229984411,0.641800908,0.978845434,0.65567135,0.978845434
Container,Savannah Express,332,315.40,315.40,43.2,,14.5,25,107000,7.300925926,2.979310345,12.86,0.2311935,0.635852589,0.977930215,0.650202417,0.977930215
Container,LT Cortesia,339.9,322.91,322.91,42.8,,14.5,25.8,100836,7.544509346,2.951724138,13.27152,0.235802702,0.62898596,0.976823967,0.643909221,0.976823967
Container,KARIN SCHEPERS,140.5,133.48,133.48,21.8,,9.5,18.5,9332,6.122706422,2.294736842,9.5164,0.262989385,0.534853248,0.954039572,0.560619563,0.954039572
Container,QC VISION ,147.8,140.41,140.41,23.2,,8.5,19.6,13760,6.052155172,2.729411765,10.08224,0.271658631,0.516386448,0.947115958,0.545219879,0.947115958
Container,NAWATA BHUM,147.8,140.41,140.41,23.2,,8.5,19.6,13760,6.052155172,2.729411765,10.08224,0.271658631,0.516386448,0.947115958,0.545219879,0.947115958
Container,VARAMO ,166.2,157.89,157.89,25,,9.5,19.2,18700,6.3156,2.631578947,9.87648,0.250951833,0.564647737,0.96315898,0.586245623,0.96315898
Container,GENCA ,205,194.75,194.75,25.5,,8.4,22,18250,7.637254902,3.035714286,11.3168,0.258910941,0.574776744,0.965786589,0.595138461,0.965786589
Container,ZEALAND ,153.7,146.02,146.02,18,,6.9,18,10600,8.111944444,2.608695652,9.2592,0.244647186,0.618735948,0.975066505,0.634557688,0.975066505
Container,Zagora,162.8,154.66,153.4,22.3,11.1,8.3,17.7,14111,6.878923767,2.686746988,9.10488,0.233749516,0.619178466,0.975145137,0.634960317,0.975145137
Container,Gulf Mas,143.8,136.61,136.6,21.5,12.5,8.3,17.5,12798,6.353953488,2.590361446,9.002,0.245902678,0.577081569,0.966355442,0.597173197,0.966355442
Container,Quindao Star,187.6,178.22,178.0,28.5,15.6,11.1,18.0,34366,6.245964912,2.567567568,9.2592,0.221442381,0.638199545,0.978295972,0.652358349,0.978295972
Container,Godafoss,165.6,157.32,153.0,28.6,12.0,9.0,20.0,17042,5.34965035,3.188405797,10.288,0.261881297,0.521221328,0.949037496,0.549210468,0.949037496
Container,Rousse,156.9,149.06,145.4,22.9,11.2,8.6,16.0,14101,6.358267717,2.651972158,8.2304,0.215235134,0.659414341,0.981340506,0.671952637,0.981340506
Container,Sally Maersk,347.0,329.65,333.5,42.8,24.1,14.0,25.0,104750,7.792990654,3.057142857,12.86,0.226141321,0.661774524,0.98165217,0.674143596,0.98165217
Container,Lappland,118.5,112.58,108.0,17.9,9.2,7.1,17.0,6896,6.033519553,2.524682652,8.7448,0.263144562,0.532712851,0.953292511,0.558813633,0.953292511
Container,Valdivia,178.9,169.96,167.5,27.6,14.6,10.9,21.0,22300,6.06884058,2.541436464,10.8024,0.264556708,0.530588247,0.952537301,0.557026215,0.952537301
Container,Zhong He,275.0,261.25,264.2,32.2,21.5,12.5,24.0,51609,8.204968944,2.576,12.3456,0.243865042,0.622774419,0.975774708,0.638235869,0.975774708
Container,Maersk Newport,207.4,197.03,198.7,29.8,16.4,11.4,22.0,35205,6.669127517,2.614035088,11.3168,0.257408544,0.557879672,0.961279802,0.580350977,0.961279802
Container,Maersk Arkansas,155.0,147.25,145.0,25.0,13.9,8.4,18.0,17375,5.8,2.976190476,9.2592,0.243619086,0.570247098,0.964637817,0.591151506,0.964637817
Container,Maersk Georgia,292.0,277.40,277.2,32.3,21.7,13.5,24.2,62242,8.582043344,2.389053254,12.44848,0.238631952,0.64494008,0.979313042,0.658563761,0.979313042
Container,Maersk Salah,334.1,317.37,317.4,45.6,24.8,14.5,25.0,102800,6.959791667,3.144827586,12.86,0.230476114,0.629861838,0.976968146,0.644710721,0.976968146
Container,Xin Da Lian,279.0,265.05,265.8,40.3,24.1,14.0,26.0,68000,6.595533499,2.878571429,13.3744,0.262286477,0.545993527,0.9577163,0.570099442,0.9577163
Container,Cap Bon,210.0,199.50,198.8,30.1,16.7,11.5,22.1,34629,6.604651163,2.617391304,11.36824,0.256972873,0.557474462,0.961163974,0.57999933,0.961163974
Container,Colombo Express,336.0,319.20,319.0,43.0,20.2,14.6,25.0,103800,7.418604651,2.943189596,12.86,0.229813228,0.642428817,0.978939801,0.656249563,0.978939801
Container,CMA CGM Balzac,300.0,285.00,286.1,40.3,24.1,14.0,26.0,77941,7.098263027,2.878571429,13.3744,0.252939918,0.57687108,0.966303921,0.596987209,0.966303921
Container,Gosport Maersk,292.0,277.40,277.0,32.3,21.7,13.5,24.2,51100,8.589147287,2.38535503,12.44848,0.238631952,0.645100377,0.979336641,0.658711571,0.979336641
Container,Ebba Maersk,397.7,377.82,376.0,42.8,24.1,16.0,24.5,158200,8.785046729,2.675,12.6028,0.207008168,0.74874536,0.990312329,0.756069917,0.990312329
Container,Estelle Maersk,397.7,377.82,376.0,56.6,30.2,15.5,25.0,158200,6.648983201,3.648387097,12.86,0.211232825,0.679319254,0.983817788,0.690492958,0.983817788
Container,Emma Maersk,397.7,377.82,376.0,56.4,30.2,15.5,25.0,156907,6.666666667,3.638709677,12.86,0.211232825,0.67977003,0.98387011,0.690914403,0.98387011
Container,NYK Theseus,304.6,289.37,292.0,40.0,24.8,13.0,25.0,70520,7.3,3.076923077,12.86,0.241368012,0.609028508,0.973275118,0.625751647,0.973275118
Container,MSC Ivana,363.0,344.85,348.0,45.6,29.7,14.0,24.8,110600,7.631578947,3.257142857,12.75712,0.219332517,0.678355528,0.983705394,0.68959216,0.983705394
Container,Hanjin Brussels,278.0,264.10,265.0,40.3,19.3,14.0,27.0,68500,6.575682382,2.878571429,13.8888,0.272863861,0.52443672,0.950271081,0.551881174,0.950271081
Container,Hatsu Eagle,300.0,285.00,283.0,42.8,24.2,13.5,25.0,75898,6.612149533,3.17037037,12.86,0.24321146,0.589183543,0.969178976,0.607920268,0.969178976
Container,Yorktown Express,243.4,231.23,232.4,32.2,19.5,10.5,22.5,40478,7.217391304,3.066666667,11.574,0.243011533,0.603079131,0.972111252,0.620380773,0.972111252
Container,Daffodil,240.0,228.00,225.2,32.2,19.2,11.7,22.0,42240,6.99378882,2.752136752,11.3168,0.239288437,0.607430815,0.972967659,0.624307303,0.972967659
Container,Cornelius Maersk,346.0,328.70,331.5,42.8,24.1,14.5,25.0,104900,7.746261682,2.951724138,12.86,0.226467879,0.659709218,0.981379723,0.672226258,0.981379723
Container,Emma Maersk,397.7,377.82,376.0,56.4,30.2,15.5,24.5,152800,6.666666667,3.638709677,12.6028,0.207010771,0.693634167,0.985404918,0.703907759,0.985404918
Container,Wellington Express,188.1,178.70,175.6,30.0,16.8,11.5,21.0,30620,5.853333333,2.608695652,10.8024,0.258005848,0.539562406,0.955636067,0.56461076,0.955636067
Container,MSC Antares,277.0,263.15,263.0,40.0,17.6,14.0,24.0,67564,6.575,2.857142857,12.3456,0.242983068,0.588914097,0.969118966,0.60767988,0.969118966
Container,Oakland Express,294.0,279.30,283.2,32.2,21.8,13.6,24.0,67145,8.795031056,2.376383764,12.3456,0.235853448,0.657400468,0.981070521,0.670084824,0.981070521
Container,OOCL Advance,158.0,150.10,150.0,25.6,13.7,9.2,21.0,15315,5.859375,2.782608696,10.8024,0.281511023,0.494626416,0.937362602,0.527678847,0.937362602
Container,Berlin Express,320.0,304.00,308.5,42.8,24.5,14.5,25.0,100006,7.207943925,2.951724138,12.86,0.235488484,0.622129419,0.975663002,0.637647853,0.975663002
Container,Cala Panama,153.0,145.35,141.7,25.3,13.5,10.1,19.0,17500,5.600790514,2.504950495,9.7736,0.258828764,0.532593086,0.953250304,0.558712737,0.953250304
Container,CMA CGM Charcot,211.0,200.45,195.4,32.3,19.0,12.0,21.0,39300,6.049535604,2.691666667,10.8024,0.24360305,0.575800387,0.966040516,0.596041654,0.966040516
Container,Nordmed,207.0,196.65,195.4,29.8,16.4,11.4,22.0,33857,6.55704698,2.614035088,11.3168,0.257657128,0.554999137,0.960448004,0.577854433,0.960448004
Container,AS Scandia,188.0,178.60,176.4,26.5,14.2,10.5,20.0,24973,6.656603774,2.523809524,10.288,0.245785198,0.583987807,0.96799939,0.60329357,0.96799939
Container,CMA CGM Voltaire,300.0,285.00,286.0,40.0,24.2,14.5,27.0,79559,7.15,2.75862069,13.8888,0.262668377,0.556566076,0.960902916,0.579211559,0.960902916
Container,Commodore,205.0,194.75,190.8,32.2,16.8,11.5,22.0,39500,5.925465839,2.8,11.3168,0.258910941,0.539176373,0.955507579,0.564282675,0.955507579
Container,CSCL Barcelona,207.0,196.65,195.5,32.2,16.8,11.5,21.6,35600,6.071428571,2.8,11.11104,0.252972453,0.554940325,0.960430816,0.57780354,0.960430816
Fast Frigate,River Class,112.75,107.11,109.75,12.5,,3.9,30,,8.78,3.205128205,15.432,0.476066512,0.382927257,0.8352762,0.458443874,0.8352762
Fast Frigate,Olso Class,96.62,91.79,93.87,11.17,,4.4,25,,8.403760072,2.538636364,12.86,0.428559519,0.306627759,0.62942525,0.487155161,0.62942525
Fast Frigate,Kortenaer Class,130.2,123.69,121.8,14.4,,4.4,30,,8.458333333,3.272727273,15.432,0.443017025,0.379258159,0.829323142,0.457310474,0.829323142
Fast Frigate,Lupo Class,113.55,107.87,106,12,,4,35.23,,8.833333333,3,18.122312,0.557087902,0.423377819,0.886591295,0.477534373,0.886591295
Fast Frigate,FFG-7,135.9,129.11,120.4961635,13.5,,6.71,29,,8.925641741,2.011922504,14.9176,0.419172635,0.261445545,0.341781766,0.76494878,0.341781766
Fast Frigate,Cornwall Class,148.1,140.70,135.65,14.75,,5.35,30,,9.196610169,2.757009346,15.432,0.415382675,0.390080556,0.846162489,0.460999585,0.846162489
Fast Frigate,Krivak-III (Nerey) Class,124.2,117.99,116.9,14.2,,4.9,30,,8.232394366,2.897959184,15.432,0.453591712,0.395813989,0.854253189,0.463345053,0.854253189
Fast Frigate,Santa Maria Class,137.7,130.82,121.9987405,14.3,,7.5,29,,8.531380455,1.906666667,14.9176,0.416423933,0.256455038,0.294609551,0.870491256,0.294609551
Fast Frigate,Karel Doorman Class,122.25,116.14,114.4,14.37,,4.3,29,,7.961029923,3.341860465,14.9176,0.441955169,0.386440751,0.840738063,0.459644649,0.840738063
Fast Frigate,Minerva Class,86.6,82.27,80,10.5,,3.16,25,,7.619047619,3.32278481,12.86,0.452674172,0.378203149,0.827562337,0.457008653,0.827562337
Fast Frigate,Neutrahimyy (Yastreb) Class,131.2,124.64,123,15.3,,4.9,32,,8.039215686,3.12244898,16.4608,0.470747166,0.4231979,0.886410471,0.477428814,0.886410471
Fast Frigate,Kaszub Class,82.3,78.19,75.7527595,10,,3.1,27,,7.57527595,3.225806452,13.8888,0.501497186,0.416743066,0.879684517,0.473741503,0.879684517
Fast Frigate,Duke (Type 23) Class,133,126.35,123,16.1,,4.3,28,,7.639751553,3.744186047,14.4032,0.409106957,0.401000335,0.861125227,0.465670175,0.861125227
Fast Frigate,Abukuma Class,109,103.55,98.040985,13.4,,3.8,27,,7.316491418,3.526315789,13.8888,0.435767833,0.381963784,0.833738176,0.458133974,0.833738176
Fast Frigate,Jiangwei (Project 055) Class,115,109.25,103.049575,14,,4,28,,7.360683929,3.5,14.4032,0.439960579,0.27396993,0.443703074,0.61746232,0.443703074
Fast Frigate,Anzac Class (Meko 200 ANZ),117.5,111.63,109.5,14.8,,5.99,31.75,,7.398648649,2.470784641,16.3322,0.493548061,0.321102983,0.686453418,0.467770972,0.686453418
Fast Frigate,LCS Freedom Class,118.6,112.67,106.054729,17.5,,4.13,45,,6.060270229,4.237288136,23.148,0.696265414,0.363956163,0.801424646,0.454136474,0.801424646
Fast Frigate,Milgem Class,99.56,94.58,90.1608034,14.4,,3.89,30,,6.261166903,3.701799486,15.432,0.506621323,0.368469493,0.810206371,0.454784739,0.810206371
Heavy Lift,Wijsmuller Mighty Servant 1,152.3157895,144.7,144.7,40.0,12.00,9.50,14.2,23800,3.6175,4.210526316,7.30448,0.19387443,0.655945983,0.980873172,0.668736797,0.980873172
Heavy Lift,Dyvi Swan/Teal/Tern/Swift,180,171.0,171.0,32.3,,10.00,15.7,33200,5.294117647,3.23,8.07608,0.197182357,0.69072658,0.98509462,0.701177903,0.98509462
Heavy Lift,Este Submerger II,100.6315789,95.6,95.6,19.6,10.95,4.95,13.1,4490,4.87755102,3.95959596,6.73864,0.220043633,0.608770372,0.973225691,0.625518189,0.973225691
Heavy Lift,Sunrise,123.1578947,117.0,117.0,30.0,,4.80,10.5,10000,3.9,6.25,5.4012,0.159427349,0.807216005,0.993996595,0.812091318,0.993996595
Heavy Lift,Lauritzen Dan Mover/Dan Lifter,137.3684211,130.5,130.5,32.0,8.50,6.00,13.5,13450,4.078125,5.333333333,6.9444,0.194086339,0.668009107,0.982451527,0.679941034,0.982451527
Heavy Lift,Mammoet Happy Buccaneer,141.0526316,134.0,134.0,28.3,14.80,7.06,15.0,16200,4.734982332,4.008498584,7.716,0.21281651,0.625836626,0.976297914,0.641030384,0.976297914
Heavy Lift,Shun-El Maru,157.8947368,150.0,150.0,24.6,,10.00,15.0,23000,6.097560976,2.46,7.716,0.201146317,0.698622427,0.985923655,0.708596881,0.985923655
Heavy Lift,Fairmast,115.7894737,110.0,110.0,19.2,,7.30,13.5,6000,5.729166667,2.630136986,6.9444,0.211399464,0.655354862,0.980792394,0.668189176,0.980792394
Heavy Lift,Seabridge,150.5263158,143.0,143.0,32.2,,5.00,13.5,10500,4.440993789,6.44,6.9444,0.185409595,0.70980874,0.987027487,0.719137763,0.987027487
Heavy Lift,Jumbo Challenger,102.5263158,97.4,97.4,19.2,10.50,7.30,14.0,6836,5.072916667,2.630136986,7.2016,0.232978054,0.579488113,0.966938448,0.599301966,0.966938448
Heavy Lift,Dock Lift I,99.89473684,94.9,94.9,20.53,10.50,6.95,12.7,7000,4.622503653,2.953956835,6.53288,0.214110059,0.720,0.987966321,0.728769782,0.987966321
Navy Patrol Boat,llIria,42,39.90,40.5,7,,2.2,26,,5.785714286,3.181818182,13.3744,0.676010367,0.328683662,0.711925119,0.461682912,0.711925119
Navy Patrol Boat,HMAS Townsville,41.9,39.81,39.805,7.7,,1.75,30,,5.169480519,4.4,15.432,0.780942209,0.398167124,0.857421761,0.464377209,0.857421761
Navy Patrol Boat,Dame Roma Mitchell,38.2,36.29,36.29,7.2,,2.4,20,,5.040277778,3,10.288,0.545259157,0.207435562,-0.507853302,-0.408455672,-0.507853302
Navy Patrol Boat,Orca,33,31.35,31.35,8.34,,2.6,20,,3.758992806,3.207692308,10.288,0.586648115,0.29988274,0.598393791,0.501146143,0.598393791
Navy Patrol Boat,Cormoran at Brest,54,51.30,51.3,10,,2.2,23,,5.13,4.545454545,11.8312,0.527394516,0.258041958,0.31006215,0.832226564,0.31006215
Navy Patrol Boat,HS Navmachos,54.8,52.06,52.06,10.5,,2.6,25,,4.958095238,4.038461538,12.86,0.569055183,0.424486946,0.887698302,0.478188305,0.887698302
Navy Patrol Boat,Skalvis,36.5,34.68,34.675,6.2,,1.8,30,,5.592741935,3.444444444,15.432,0.836718702,0.346108119,0.761322484,0.454614341,0.761322484
Navy Patrol Boat,U.Diciotti,53.4,50.73,50.73,8.1,,5.4,23,,6.262962963,1.5,11.8312,0.53034913,0.185623266,-1.24231235,-0.149417549,-1.24231235
Navy Patrol Boat,Knight Island,34,32.30,32.3,6.4,,2,29.5,,5.046875,3.2,15.1748,0.852485913,0.394375707,0.852273806,0.462733577,0.852273806
Navy Patrol Boat,Nevel'sk,49.5,47.03,47.025,9.2,,2.2,30,,5.111413043,4.181818182,15.432,0.71849427,0.382388938,0.834419043,0.458269669,0.834419043
Navy Patrol Boat,USS Hurricane,55,52.25,52.25,7.6,,3,35,,6.875,2.533333333,18.004,0.795227432,0.269662289,0.411067009,0.656005673,0.411067009
Oceanographic,Ak Lavrentyev,71.57894737,68.00,68.00,14.72,,4.51,15.24,,4.62,3.26,7.8369686,0.30343044,0.436901554,0.899236587,0.485858294,0.899236587
Oceanographic,Albatros IV,55.8,53.01,53.01,10.10,,4.90,10.00,,5.248514851,2.06122449,5.144,0.225573228,0.60270247,0.972035795,0.620041435,0.972035795
Oceanographic,Arctic Surveyor,74.84210526,71.10,71.10,12.03,,4.15,11.91,,5.91,2.9,6.128058205,0.232035042,0.601268598,0.971746569,0.618750421,0.971746569
Oceanographic,Atlantis II,62.65263158,59.52,59.52,13.53,,4.92,12.02,,4.4,2.75,6.18192015,0.255833508,0.537,0.954775283,0.614,0.874592834
Oceanographic,Bei Dou,50.52631579,48.00,48.00,12.53,,5.33,13.55,,3.83,2.35,6.971686549,0.321279289,0.399388908,0.859033528,0.464928196,0.859033528
Oceanographic,Belgica,47.36842105,45.00,45.00,10.02,,4.51,12.03,,4.49,2.22,6.187780935,0.294506015,0.447764134,0.908174403,0.493037606,0.908174403
Oceanographic,Bering Seal,57.78947368,54.90,54.90,12.15,,3.92,11.94,,4.52,3.1,6.144261025,0.264757933,0.498684847,0.939330553,0.530893886,0.939330553
Oceanographic,Cape Hatteras,39.78947368,37.80,37.80,9.77,,2.76,12.03,,3.87,3.54,6.186758077,0.321279289,0.400059305,0.859908399,0.465234792,0.859908399
Oceanographic,Celtic Explorer,64.12105263,60.92,60.92,15.00,,5.50,14.00,,4.061,2.727272727,7.2016,0.294599746,0.439780525,0.901703943,0.487721639,0.901703943
Oceanographic,Chas. Darwin,65.78947368,62.50,62.50,14.40,,5.11,12.60,,4.34,2.82,6.482106459,0.261783125,0.539,0.955448736,0.564132831,0.955448736
Oceanographic,Columbus Iselin,51.36842105,48.80,48.80,10.99,,3.23,13.03,,4.44,3.4,6.704102016,0.306405248,0.42949656,0.892537713,0.481208305,0.892537713
Oceanographic,Dana,72.52631579,68.90,68.90,14.69,,5.92,11.88,,4.69,2.48,6.109844831,0.23500985,0.565704602,0.96344323,0.587169626,0.96344323
Oceanographic,David Starr Jordan,51.00315789,48.45,48.45,11.20,,3.80,10.00,,4.326160714,2.947368421,5.144,0.235942469,0.555165077,0.960496457,0.577998048,0.960496457
Oceanographic,Delaware II,46.20631579,43.90,43.90,9.10,,5.10,10.00,,4.823736264,1.784313725,5.144,0.247887132,0.539222311,0.955522892,0.564321709,0.955522892
Oceanographic,Ekteshaf,52.63157895,50.00,50.00,11.01,,3.91,13.96,,4.54,2.82,7.181331564,0.324254097,0.407515163,0.869203119,0.468837668,0.869203119
Oceanographic,El Puma,46.73684211,44.40,44.40,10.25,,5.05,14.24,,4.33,2.03,7.326000955,0.351027372,0.373212185,0.818920876,0.455736562,0.818920876
Oceanographic,Endeavor,52.94736842,50.30,50.30,10.31,,5.34,15.03,,4.88,1.93,7.731492392,0.348052563,0.384910915,0.838387803,0.459108439,0.838387803
Oceanographic,Fredrik Russell,40.63157895,38.60,38.60,9.39,,3.95,13.73,,4.11,2.38,7.062313002,0.362926605,0.357711657,0.788424386,0.453704455,0.788424386
Oceanographic,Garcia Del Cid,34.73684211,33.00,33.00,8.42,,3.69,12.69,,3.92,2.28,6.529956365,0.362926605,0.354892693,0.782209059,0.45370568,0.782209059
Oceanographic,Gordon Gunter,66.86210526,63.52,63.52,13.10,,4.60,10.50,,4.848778626,2.847826087,5.4012,0.21637343,0.618380528,0.975003164,0.63423438,0.975003164
Oceanographic,Hollis Hedberg,78.84210526,74.90,74.90,12.80,,5.06,13.95,,5.85,2.53,7.17669342,0.264757933,0.525734229,0.950759174,0.552962562,0.950759174
Oceanographic,Kaskazi,32.84210526,31.20,31.20,9.81,,4.69,12.04,,3.18,2.09,6.193237532,0.35400218,0.352583661,0.776947701,0.453806171,0.776947701
Oceanographic,Knorr,67.78947368,64.40,64.40,14.03,,4.91,10.47,,4.59,2.86,5.383551956,0.214186193,0.618189672,0.974969083,0.634060795,0.974969083
Oceanographic,Lady Basten,24.21052632,23.00,23.00,7.99,,2.49,9.99,,2.88,3.21,5.138723344,0.342102947,0.360125515,0.7935718,0.453803317,0.7935718
Oceanographic,Le Blavet,42.63157895,40.50,40.50,9.29,,3.79,12.91,,4.36,2.45,6.641084602,0.333178522,0.393690535,0.851319232,0.4624476,0.851319232
Oceanographic,Le Suroit,51.15789474,48.60,48.60,10.97,,3.97,13.76,,4.43,2.76,7.080079123,0.324254097,0.405688486,0.86699767,0.467923386,0.86699767
Oceanographic,Littlehales(T-AGS51),62.06526316,58.96,58.96,12.82,,4.02,11.54,,4.6,3.19,5.938239017,0.246909083,0.551,0.95926004,0.574401077,0.95926004
Oceanographic,Marian Dufreisne,106.9473684,101.60,101.60,18.44,,6.27,14.97,,5.51,2.94,7.701125218,0.243934275,0.563108806,0.962740712,0.584901832,0.962740712
Oceanographic,Maury (T-AGS39),149.1915789,141.73,141.73,20.54,,8.49,19.19,,6.9,2.42,9.872279513,0.264757933,0.564,0.962983565,0.585679778,0.962983565
Oceanographic,Melville (AGOR14),72.83368421,69.19,69.19,14.42,,4.65,12.20,,4.8,3.1,6.277785022,0.240959467,0.518,0.947766341,0.540,0.959259259
Oceanographic,Michael Sars,45.26315789,43.00,43.00,10.29,,3.75,13.54,,4.18,2.74,6.965183423,0.339128139,0.383925676,0.836851502,0.458773958,0.836851502
Oceanographic,Miller Freeman,64.12105263,60.92,60.92,12.80,,6.40,11.00,,4.758984375,2,5.6584,0.231471229,0.575957577,0.966079326,0.596180419,0.966079326
Oceanographic,Mukhtabar Albihar,23.36842105,22.20,22.20,7.50,,3.19,9.47,,2.96,2.35,4.872961101,0.330203714,0.374407567,0.821038564,0.45601703,0.821038564
Oceanographic,New Horizon,51.36842105,48.80,48.80,10.99,,2.99,13.41,,4.44,3.68,6.899367123,0.315329673,0.417340997,0.880327605,0.474074645,0.880327605
Oceanographic,Noruega,43.47368421,41.30,41.30,10.33,,4.47,13.97,,4,2.31,7.18538016,0.356976988,0.362014285,0.797491144,0.453941449,0.797491144
Oceanographic,Ocean Researcher No.1 ,45.36842105,43.10,43.10,10.31,,4.31,12.01,,4.18,2.39,6.178079428,0.300455632,0.433341852,0.896081457,0.483596496,0.896081457
Oceanographic,Odissey,82.21052632,78.10,78.10,13.97,,5.82,12.49,,5.59,2.4,6.422640273,0.232035042,0.593842664,0.970197129,0.612084541,0.970197129
Oceanographic,Oscar Dyson,66.86210526,63.52,63.52,15.00,,6.13,14.00,,4.2346,2.446982055,7.2016,0.288497906,0.452322173,0.911638772,0.496163817,0.911638772
Oceanographic,Oscar Sette,62.26105263,59.15,59.15,13.10,,4.60,10.50,,4.515114504,2.847826087,5.4012,0.224225873,0.588712003,0.969073875,0.607499612,0.969073875
Oceanographic,Pathfinder (T-AGS60),97.99263158,93.09,93.09,16.33,,5.35,15.38,,5.7,3.05,7.911059734,0.261783125,0.460,0.917126937,0.501566339,0.917126937
Oceanographic,Prince Madog,34.16526316,32.46,32.46,8.50,,3.50,12.00,,3.818470588,2.428571429,6.1728,0.345934212,0.37074478,0.814450568,0.455208449,0.814450568
Oceanographic,Prof. Multanduvskiy,67.57894737,64.20,64.20,12.79,,4.75,13.93,,5.02,2.69,7.166914536,0.28558159,0.471749866,0.924759222,0.510132642,0.924759222
Oceanographic,Prof Shtokman,63.36842105,60.20,60.20,12.39,,4.21,13.49,,4.86,2.94,6.940055719,0.28558159,0.46873308,0.922882423,0.507901189,0.922882423
Oceanographic,Protea,77.63052632,73.75,73.75,15.36,,4.70,16.18,,4.8,3.27,8.321562624,0.309380056,0.551,0.95926004,0.574401077,0.95926004
Oceanographic,Research Tide,65.15789474,61.90,61.90,17.05,,4.03,10.40,,3.63,4.23,5.351329135,0.217161001,0.585917641,0.968443093,0.605009882,0.968443093
Oceanographic,Robert Conrad (AGOR3),62.06526316,58.96,58.96,11.12,,4.28,12.93,,5.3,2.6,6.653689501,0.276657166,0.427,0.890158335,0.543,0.786372007
Oceanographic,Sagar Kanya,93.68421053,89.00,89.00,16.33,,5.61,14.01,,5.45,2.91,7.207793475,0.243934275,0.561784364,0.962376543,0.583746942,0.962376543
Oceanographic,Scotia,67.15578947,63.80,63.80,15.00,,5.65,13.00,,4.2532,2.654867257,6.6872,0.267304504,0.488559497,0.934279737,0.522926354,0.934279737
Oceanographic,Shi Jian,87.36842105,83.00,83.00,14.02,,5.01,16.01,,5.92,2.8,8.2338748,0.288556399,0.483680942,0.931671037,0.519154211,0.931671037
Oceanographic,Silas Bent (AGS26),85.07052632,80.82,80.82,14.69,,4.59,14.98,,5.5,3.2,7.706065009,0.273682358,0.472,0.924912388,0.567,0.832451499
Oceanographic,Stalwart (T-AGOS1),66.56842105,63.24,63.24,12.16,,4.21,10.66,,5.2,2.89,5.483036399,0.220135809,0.560,0.96187968,0.582193398,0.96187968
Oceanographic,Thalia,23.57894737,22.40,22.40,7.04,,2.56,10.46,,3.18,2.75,5.37993859,0.362926605,0.343913571,0.755718661,0.455081486,0.755718661
Oceanographic,Thomas Thompson,81.74210526,77.66,77.66,14.93,,5.41,14.53,,5.2,2.76,7.4717027,0.270707549,0.462,0.918489011,0.50300003,0.918489011
Oceanographic,Western Harbor,54.52631579,51.80,51.80,12.19,,3.67,11.99,,4.25,3.32,6.169446263,0.273682358,0.477111218,0.927962715,0.514149125,0.927962715
Oceanographic,Wilkes,83.89473684,79.70,79.70,14.65,,4.90,13.91,,5.44,2.99,7.153541328,0.255833508,0.535444385,0.954243503,0.561119236,0.954243503
Oceanographic,Wyman,83.89473684,79.70,79.70,14.65,,4.90,13.91,,5.44,2.99,7.153541328,0.255833508,0.535444385,0.954243503,0.561119236,0.954243503
Oceanographic,Yakov Smirnitskiy,63.36842105,60.20,60.20,12.44,,4.17,13.49,,4.84,2.98,6.940055719,0.28558159,0.468355982,0.922643933,0.507623759,0.922643933
Product Tanker,Agility,79.95,74.90,74.90,14.50,6.60,5.10,11.5,2680,5.165517241,2.843137255,5.9156,0.21823449,0.620922162,0.975452496,0.636547823,0.975452496
Product Tanker,BP Admiral,176.20,169.00,169.00,30.80,17.00,10.00,14.0,,5.487012987,3.08,7.2016,0.176868763,0.775929902,0.992182802,0.782043288,0.992182802
Product Tanker,Zafra,228.60,218.70,218.70,32.24,21.60,11.58,14.4,,6.783498759,2.784110535,7.40736,0.159920654,0.901814969,0.997909601,0.903704071,0.997909601
Product Tanker,Arbat,183.20,174.00,174.00,32.20,18.00,10.97,14.5,,5.403726708,2.935278031,7.4588,0.180534345,0.757691273,0.990961813,0.764601889,0.990961813
Product Tanker,Fandango,182.85,173.00,173.00,32.20,17.80,12.25,14.5,,5.372670807,2.628571429,7.4588,0.181055369,0.754587255,0.990740429,0.761639712,0.990740429
Product Tanker,Landsort,274.00,264.00,264.00,48.00,23.00,15.20,14.7,141844,5.5,3.157894737,7.56168,0.148587347,0.924087383,0.998582636,0.92539901,0.998582636
Product Tanker,Salamina,183.00,174.00,174.00,32.20,19.00,11.00,14.0,40280,5.403726708,2.927272727,7.2016,0.174309023,0.784751676,0.992727852,0.790500311,0.992727852
Product Tanker,Theodora,110.60,103.00,103.00,17.00,9.36,6.10,14.5,5200,6.058823529,2.786885246,7.4588,0.234647454,0.597989621,0.971073212,0.615802819,0.971073212
Product Tanker,Futura,241.00,231.20,231.20,40.00,19.50,14.00,14.4,91000,5.78,2.857142857,7.40736,0.155537471,0.892488374,0.997604571,0.894631399,0.997604571
Product Tanker,Weserstern,109.72,103.60,103.60,17.10,10.60,8.40,12.5,8795,6.058479532,2.035714286,6.43,0.201695678,0.695676235,0.985619328,0.705826495,0.985619328
Product Tanker,Anchorman,101.60,95.64,95.64,17.50,10.30,6.85,12.7,6200,5.465142857,2.554744526,6.512304,0.21260838,0.644941653,0.979313273,0.658565212,0.979313273
Product Tanker,Hadra,183.20,174.00,174.00,32.20,18.00,10.97,14.5,40565,5.403726708,2.935278031,7.4588,0.180534345,0.757691273,0.990961813,0.764601889,0.990961813
Product Tanker,Kandilousa,182.76,174.00,174.00,32.20,18.60,11.00,14.0,40068,5.403726708,2.927272727,7.2016,0.174309023,0.784751676,0.992727852,0.790500311,0.992727852
Product Tanker,Jian She 51,142.85,135.70,135.70,19.60,10.65,8.00,14.8,,6.923469388,2.45,7.5874,0.20795461,0.697135434,0.985770789,0.707198308,0.985770789
Product Tanker,Engen Rainbow,183.00,172.00,172.00,32.20,17.60,11.00,14.7,39379,5.341614907,2.927272727,7.56168,0.184085494,0.741258023,0.989740884,0.748941501,0.989740884
Product Tanker,Seadevil,178.15,168.00,168.00,28.00,16.80,11.00,14.7,32250,6,2.545454545,7.56168,0.186264096,0.751620965,0.990524952,0.758810733,0.990524952
Product Tanker,American Progress,183.00,174.30,174.30,32.20,19.15,11.20,14.5,40885,5.413043478,2.875,7.4588,0.180378913,0.758622296,0.991027412,0.765490729,0.991027412
Product Tanker,Asperity,88.76,82.20,82.20,16.50,7.65,5.60,12.5,3778,4.981818182,2.946428571,6.43,0.226433438,0.594070751,0.970246041,0.612288766,0.970246041
Product Tanker,Bunga Melawis Satu,118.00,110.00,110.00,18.80,10.20,7.00,13.0,7893,5.85106383,2.685714286,6.6872,0.203569854,0.683785114,0.984329242,0.694671137,0.984329242
Product Tanker,Helix,182.99,172.40,172.40,32.20,18.40,11.30,14.5,39871,5.354037267,2.849557522,7.4588,0.181370156,0.752724383,0.990605559,0.75986287,0.990605559
Product Tanker,Rina Amoretti,120.00,115.06,115.06,24.00,12.35,8.38,15.5,12000,4.794166667,2.863961814,7.9732,0.237320891,0.562559204,0.962590067,0.584422407,0.962590067
Product Tanker,Torm Helene,243.74,234.00,234.00,42.00,21.00,12.02,14.7,80385,5.571428571,3.494176373,7.56168,0.157825023,0.872436479,0.996897187,0.875151912,0.996897187
Product Tanker,Azov Sea,182.50,174.80,174.80,32.19,17.50,11.00,15.4,41154,5.430257844,2.926363636,7.92176,0.191300658,0.715795541,0.987586378,0.724792845,0.987586378
Product Tanker,Bow Master,103.40,97.40,97.40,16.60,9.40,7.10,14.3,6046,5.86746988,2.338028169,7.35592,0.237970441,0.585309569,0.968304006,0.604468809,0.968304006
Product Tanker,Furenas,136.70,128.36,128.36,21.50,10.50,7.40,14.5,11500,5.970232558,2.905405405,7.4588,0.210193656,0.665289887,0.982107085,0.67741074,0.982107085
Product Tanker,Moskalvo,183.00,173.90,173.90,32.20,18.00,11.00,14.7,40100,5.400621118,2.927272727,7.56168,0.18307709,0.747076412,0.990187209,0.754479966,0.990187209
Product Tanker,Seaqueen,244.60,233.00,233.00,42.00,22.20,14.90,15.0,105000,5.547619048,2.818791946,7.716,0.161391164,0.852364521,0.996110787,0.855692492,0.996110787
Product Tanker,Volgograd (icebreaking),145.70,137.00,137.00,22.50,11.25,8.35,14.4,14875,6.088888889,2.694610778,7.40736,0.202054564,0.695250974,0.985574913,0.705426817,0.985574913
Product Tanker,Isola Gialla,191.56,181.90,181.90,29.00,15.30,11.35,16.0,43157,6.272413793,2.555066079,8.2304,0.194836397,0.726080167,0.988498191,0.734528574,0.988498191
Product Tanker,Margara,228.58,220.00,220.00,32.20,20.09,12.57,15.3,60913,6.832298137,2.561654733,7.880608,0.169634382,0.851723593,0.996084269,0.855071824,0.996084269
Product Tanker,Podravina,178.30,175.00,175.00,32.00,17.95,11.00,15.1,39469,5.46875,2.909090909,7.76744,0.187466806,0.731539766,0.988958769,0.739707042,0.988958769
Product Tanker,Robin,183.00,174.50,174.50,27.40,17.60,9.80,15.0,30656,6.368613139,2.795918367,7.731432,0.186864895,0.759826183,0.991111694,0.766640317,0.991111694
Product Tanker,Silver River,145.61,138.50,138.50,19.60,10.65,8.00,13.6,,7.066326531,2.45,6.99584,0.189793126,0.767897983,0.991661376,0.774355038,0.991661376
Product Tanker,Dutch Aquamarine,118.00,111.15,111.15,17.00,8.15,6.45,15.0,6400,6.538235294,2.635658915,7.716,0.233670012,0.611538419,0.97375076,0.628023561,0.97375076
Product Tanker,Prospero,146.09,134.00,134.00,22.00,12.80,9.25,14.5,16740,6.090909091,2.378378378,7.4588,0.205722626,0.682907433,0.984229927,0.69384949,0.984229927
Product Tanker,Seaturbot,177.75,168.05,168.05,28.00,16.80,11.00,15.1,32230,6.001785714,2.545454545,7.76744,0.191304042,0.731869616,0.988986095,0.740020127,0.988986095
Product Tanker,Osco Star,176.00,169.00,169.00,32.00,15.10,10.00,14.3,34572,5.28125,3.2,7.35592,0.180658808,0.753518795,0.99066326,0.760620512,0.99066326
Product Tanker,EXXON Charleston,193.70,185.93,185.93,32.30,18.29,11.60,16.0,42140,5.756346749,2.784482759,8.2304,0.192713307,0.719659805,0.987935954,0.728447833,0.987935954
Product Tanker,Steersman,101.60,95.64,95.64,17.50,,6.85,12.5,6416,5.465142857,2.554744526,6.43,0.209921386,0.653196906,0.980494669,0.666191186,0.980494669
Product Tanker,Belisaire,129.95,124.30,124.30,20.00,9.75,6.50,13.8,12680,6.215,3.076923077,7.09872,0.203287174,0.694375792,0.985483118,0.704604451,0.985483118
Product Tanker,British Energy,183.00,174.50,174.50,27.40,17.60,9.80,14.6,35970,6.368613139,2.795918367,7.48452,0.180897154,0.784892614,0.992736334,0.790635526,0.992736334
Product Tanker,Isola  Blu,165.90,155.60,155.60,26.90,13.60,10.00,15.0,25000,5.784386617,2.69,7.716,0.197493551,0.703005258,0.986365696,0.712722736,0.986365696
Product Tanker,Maritea,175.87,169.00,169.00,29.78,16.81,11.00,15.0,34659,5.674949631,2.707272727,7.716,0.189502247,0.729541371,0.988792004,0.737810751,0.988792004
Product Tanker,Tarantella,182.00,176.00,176.00,32.20,17.20,10.98,15.0,40600,5.465838509,2.932604736,7.716,0.185695501,0.738433324,0.989518382,0.746255286,0.989518382
Product Tanker,Whitchallenger,84.95,80.80,80.80,15.00,8.60,5.50,10.25,3630,5.386666667,2.727272727,5.2726,0.187277085,0.729920779,0.988823826,0.738170704,0.988823826
Product Tanker,Thames Fisher,91.50,85.00,85.00,15.50,8.00,6.00,12.0,4750,5.483870968,2.583333333,6.1728,0.213765807,0.641921388,0.978863574,0.655782282,0.978863574